Workbook

Sheet Product_Backlog_tareas
A1: Actividades del Sprint 6
A2: Sprint 6 del 19 al 26 de octubre de 2026
A3: Horas estimadas de dedicación. Verificación de cierre y registros completados el 26/10/2026.
A4: Total de horas estimadas del sprint | D4: =SUM(D7:D68) -> 75.5
A6: Historia o actividad | B6: Id tarea | C6: Tareas o actividades | D6: Horas estimadas | E6: Responsable | F6: Fecha de entrega | G6: Estado
A7: Escritorio PySide6 | B7: T-01 | C7: Integrar el inicio de sesión y el acceso a las APIs desde el escritorio. | D7: 2 | E7: Ignacio Troncoso | F7: 46315.5 | G7: Completada
A8: Escritorio PySide6 | B8: T-02 | C8: Preparar la navegación por perfil y las consultas de activos, usuarios y asignaciones. | D8: 2 | E8: Ignacio Troncoso | F8: 46315.5 | G8: Completada
A9: Escritorio PySide6 | B9: T-03 | C9: Conectar los formularios de solicitudes, entregas y devoluciones con el backend. | D9: 2 | E9: Ignacio Troncoso | F9: 46315.5 | G9: Completada
A10: Escritorio PySide6 | B10: T-04 | C10: Conservar la sesión, controlar errores de conexión y verificar las operaciones. | D10: 2 | E10: Ignacio Troncoso | F10: 46315.5 | G10: Completada
A11: Portal Mis equipos | B11: T-01 | C11: Mostrar los equipos y las asignaciones del usuario conectado. | D11: 1 | E11: Ignacio Troncoso | F11: 46315.5 | G11: Completada
A12: Portal Mis equipos | B12: T-02 | C12: Probar el detalle de equipo, los registros vacíos y el acceso a datos propios. | D12: 0.5 | E12: Ignacio Troncoso | F12: 46315.5 | G12: Completada
A13: Portal Mi perfil | B13: T-01 | C13: Mostrar los datos de la cuenta y los accesos del perfil en el portal. | D13: 0.5 | E13: Ignacio Troncoso | F13: 46315.5 | G13: Completada
A14: Portal Mi perfil | B14: T-02 | C14: Validar la consulta del perfil y su navegación desde las demás vistas. | D14: 0.5 | E14: Ignacio Troncoso | F14: 46315.5 | G14: Completada
A15: API soporte y taller | B15: T-01 | C15: Revisar los contratos de tickets y órdenes de trabajo para su consumo desde PySide6. | D15: 1.5 | E15: Joaquín Riquelme | F15: 46320.5 | G15: Completada
A16: API soporte y taller | B16: T-02 | C16: Validar campos y estados en las operaciones de diagnóstico, pausa y reasignación. | D16: 2 | E16: Joaquín Riquelme | F16: 46320.5 | G16: Completada
A17: API soporte y taller | B17: T-03 | C17: Evitar órdenes simultáneas del mismo activo y corregir operaciones concurrentes. | D17: 2.5 | E17: Joaquín Riquelme | F17: 46320.5 | G17: Completada
A18: API soporte y taller | B18: T-04 | C18: Comprobar la fase de reanudación y la relación entre la OT, el ticket y el activo. | D18: 1.5 | E18: Joaquín Riquelme | F18: 46320.5 | G18: Completada
... A68: Retrospectiva | B68: T-03 | C68: Participar en la reunión retrospectiva de 20:30 a 21:30. | D68: 1 | E68: Ignacio Troncoso | F68: 46321.5 | G68: Realizada

Sheet Resumen Sprint 6
A1: Tarjeta o actividad | B1: Responsable | C1: Estado | D1: Horas estimadas | E1: Fecha de entrega | F1: Trello
A2: Preparar aplicación de Escritorio PySide6 | B2: Ignacio Troncoso | C2: Completada | D2: =SUM('Product_Backlog_tareas'!D7:D10) -> 8 | E2: 46315.5 | F2: https://trello.com/c/XGqaBPLX
A3: Implementar Mis equipos — Portal Web del Usuario solicitante | B3: Ignacio Troncoso | C3: Completada | D3: =SUM('Product_Backlog_tareas'!D11:D12) -> 1.5 | E3: 46315.5 | F3: https://trello.com/c/rLx10XKw
A4: Implementar Mi perfil — Portal Web del Usuario solicitante | B4: Ignacio Troncoso | C4: Completada | D4: =SUM('Product_Backlog_tareas'!D13:D14) -> 1 | E4: 46315.5 | F4: https://trello.com/c/lbxBSOC9
A5: Consolidar API Service Desk y Taller/Reparaciones | B5: Joaquín Riquelme | C5: Completada | D5: =SUM('Product_Backlog_tareas'!D15:D19) -> 9 | E5: 46320.5 | F5: https://trello.com/c/w8t5ic4c
A6: E4-H12 — Historial y trazabilidad del equipo | B6: Diego Alcaíno | C6: Completada | D6: =SUM('Product_Backlog_tareas'!D20:D22) -> 5 | E6: 46317.5 | F6: https://trello.com/c/Qy9hMgUn
A7: E5-H14 — Gestionar tickets de soporte | B7: Joaquín Riquelme | C7: Completada | D7: =SUM('Product_Backlog_tareas'!D23:D26) -> 5 | E7: 46317.5 | F7: https://trello.com/c/EGNupfqe
A8: E5-H15 — Seguimiento de tickets | B8: Diego Alcaíno | C8: Completada | D8: =SUM('Product_Backlog_tareas'!D27:D29) -> 3 | E8: 46317.5 | F8: https://trello.com/c/erJ0xxRz
A9: E6-H16 — Registro de diagnósticos y OT | B9: Diego Alcaíno | C9: Completada | D9: =SUM('Product_Backlog_tareas'!D30:D32) -> 5 | E9: 46316.5 | F9: https://trello.com/c/g6XLyUJI
A10: E10-H23 — Notificaciones por correo | B10: Ignacio Troncoso | C10: Completada | D10: =SUM('Product_Backlog_tareas'!D33:D37) -> 6 | E10: 46318.5 | F10: https://trello.com/c/ZIszWktf
A11: Implementar vistas de detalle de solicitudes y tickets — Portal Web | B11: Ignacio Troncoso | C11: Completada | D11: =SUM('Product_Backlog_tareas'!D38:D40) -> 2 | E11: 46317.5 | F11: https://trello.com/c/unmX7kUb
A12: E6-H24 — Pausa o derivación de OT | B12: Diego Alcaíno | C12: Completada | D12: =SUM('Product_Backlog_tareas'!D41:D44) -> 5 | E12: 46318.5 | F12: https://trello.com/c/9Cypd15I
A13: E9-H22 — Bitácora de auditoría | B13: Ignacio Troncoso | C13: Completada | D13: =SUM('Product_Backlog_tareas'!D45:D48) -> 4 | E13: 46318.5 | F13: https://trello.com/c/zPtAuNPn
A14: E5-H30 — Calificación de servicio (CSAT) | B14: Ignacio Troncoso | C14: Completada | D14: =SUM('Product_Backlog_tareas'!D49:D51) -> 3 | E14: 46317.5 | F14: https://trello.com/c/Q8yqLIoa
A15: E10-H29 — Centro de avisos en plataforma | B15: Ignacio Troncoso | C15: Completada | D15: =SUM('Product_Backlog_tareas'!D52:D54) -> 3 | E15: 46318.5 | F15: https://trello.com/c/Co1wA4bd
A16: Administrar categorías, marcas, modelos y ubicaciones en PySide6 | B16: Ignacio Troncoso | C16: Completada | D16: =SUM('Product_Backlog_tareas'!D55:D58) -> 4 | E16: 46319.5 | F16: https://trello.com/c/sQtXRfla
A17: QA y evidencias Sprint 6 | B17: Ignacio Troncoso | C17: Completada | D17: =SUM('Product_Backlog_tareas'!D59:D65) -> 8 | E17: 46322.5 | F17: https://trello.com/c/A2XviJxj
A18: Reunión retrospectiva del Sprint 6 | B18: Diego Alcaíno / Joaquín Riquelme / Ignacio Troncoso | C18: Realizada | D18: =SUM('Product_Backlog_tareas'!D66:D68) -> 3 | E18: 46321.5 | F18: https://trello.com/c/ftgJX77O
A21: Horas estimadas por integrante
A22: Integrante | B22: Actividades | C22: Retrospectiva | D22: Total
A23: Diego Alcaíno | B23: =SUMIFS('Product_Backlog_tareas'!D7:D68,'Product_Backlog_tareas'!E7:E68,A23,'Product_Backlog_tareas'!A7:A68,"<>Retrospectiva") -> 18 | C23: =SUMIFS('Product_Backlog_tareas'!D7:D68,'Product_Backlog_tareas'!E7:E68,A23,'Product_Backlog_tareas'!A7:A68,"Retrospectiva") -> 1 | D23: =SUM(B23:C23) -> 19
A24: Joaquín Riquelme | B24: =SUMIFS('Product_Backlog_tareas'!D7:D68,'Product_Backlog_tareas'!E7:E68,A24,'Product_Backlog_tareas'!A7:A68,"<>Retrospectiva") -> 14 | C24: =SUMIFS('Product_Backlog_tareas'!D7:D68,'Product_Backlog_tareas'!E7:E68,A24,'Product_Backlog_tareas'!A7:A68,"Retrospectiva") -> 1 | D24: =SUM(B24:C24) -> 15
A25: Ignacio Troncoso | B25: =SUMIFS('Product_Backlog_tareas'!D7:D68,'Product_Backlog_tareas'!E7:E68,A25,'Product_Backlog_tareas'!A7:A68,"<>Retrospectiva") -> 40.5 | C25: =SUMIFS('Product_Backlog_tareas'!D7:D68,'Product_Backlog_tareas'!E7:E68,A25,'Product_Backlog_tareas'!A7:A68,"Retrospectiva") -> 1 | D25: =SUM(B25:C25) -> 41.5
A26: Total | B26: =SUM(B23:B25) -> 72.5 | C26: =SUM(C23:C25) -> 3 | D26: =SUM(D23:D25) -> 75.5
A28: La retrospectiva duró una hora y registra una hora de participación por cada integrante.
A29: Verificación final y registros de cierre completados el 26/10/2026.
